{
	"info": {
		"TEAM": "Prologue",
		"NAME": "sample_multi",
		"DATE": "20201111",
		"VERSION": "1"
	},

	"rocket1": {
		"ref_len": 2.01,
		"diam": 0.091,
		"mass_i": 8.243,
		"mass_f": 7.867,
		"CGlen_i": 1.074,
		"CGlen_f": 1.051,
		"Iyz_i": 1.971,
		"Iyz_f": 1.863,
		"CPlen": 1.380,
		"Cd": 1.332,
		"Cna": 11.747,
		"Cmq": -3.00,
		"motor_file": "Sample_K240.txt"
	},
	"rocket2": {
		"ref_len": 1.655,
		"diam": 0.091,
		"mass_i": 5.589,
		"mass_f": 5.589,
		"CGlen_i": 0.979,
		"Iyz_i": 1.5,
		"CPlen": 1.025,
		"Cd": 0.465,
		"Cna": 9.747,
		"Cmq": -3.00,
		"vel_1st": 12,
		"op_type_1st": 0,
		"delay_time_1st": 0
	},
	"rocket3": {
		"ref_len": 0.7065,
		"diam": 0.091,
		"mass_i": 2.278,
		"mass_f": 2.216,
		"CGlen_i": 0.357,
		"CGlen_f": 0.350,
		"Iyz_i": 0.038,
		"Iyz_f": 0.034,
		"CPlen": 0.476,
		"Cd": 0.465,
		"Cna": 3.379,
		"Cmq": -3.00,
		"vel_1st": 10,
		"op_type_1st": 0,
		"delay_time_1st": 0,
		"motor_file": "Sample_G40-4W.txt"
	},

	"environment": {
		"place": "nosiro_sea",
		"rail_len": 5.0,
		"rail_azi": -60.0,
		"rail_elev": 70
	}
}