{
	"info": {
		"TEAM": "Team name",
		"NAME": "Rocket name",
		"DATE": "Experiment date",
		"VERSION": "Submission version"
	},

	"rocket1": {
		"ref_len": "Rocket length[m]",
		"diam": "Rocket diameter[m]",
		"CGlen_i": "Initial CG place from nose[m] 重心",
		"CGlen_f": "Final CG place from nose[m]　重心",
		"mass_i": "Initial mass[kg] 乾燥質量+酸化剤質量」",
		"mass_f": "Final mass[kg] 乾燥質量",
		"Iyz_i": "Initial inertia moment of rolling[kg*m^2]　ピッチ/ヨー",
		"Iyz_f": "Final inertia moment of rolling[kg*m^2] ピッチ/ヨー",
		"CPlen": "CP place from nose[m] 圧力中心",
		"Cd": "Drag coefficient 抗力係数",
		"Cna": "Normal force coefficient 法線力整数",
		"Cmq": "Pitch damping moment coefficient ピッチ減衰モーメント係数",
		"vel_1st": "Terminal velocity of 1st parachute",
		"op_type_1st": "0:detect-peak, 1:fixed-time 2:time-from-detect-peak",
		"op_time_1st": "open time",
		"delay_time_1st": "パラシュートが開くのにかかる時間"
	},

	"rocket2": {
		"": "分離後下段。中身は上と同じ。不要な場合はrocket2を削除する。"
	},

	"rocket3": {
		"": "分離後上段。中身は上と同じ。不要な場合はrocket3を削除する。"
	},

	"motor1": {
		"motor_file": "下段エンジンの推力履歴ファイル名"
	},

	"motor2": {
		"motor_file": "上段エンジンの推力履歴ファイル名　不要な場合はmotor2を削除する。"
	},

	"environment": {
		"place": "nosiro_sea nosiro_land izu_sea izu_land マップ名称",
		"rail_len": "ランチャレール長[m]",
		"rail_azi": "ランチャ方位角[degree]　北から右回り",
		"rail_elev": "ランチャ迎角[degree]"
	}
}