{
"info":{
	"TEAM":		"Team name",
	"NAME":		"Rocket name",
	"DATE":		"Experiment date",
	"VERSION":	"Submission version"
	},

"rocket":{
	"ref_len":	"Rocket length[m]",
	"diam":		"Rocket diameter[m]",
	"CGlen_i":	"Initial CG place from nose[m] 重心",
	"CGlen_f":	"Final CG place from nose[m]　重心",
	"mass_i":	"Initial mass[kg] 乾燥質量+酸化剤質量」",
	"mass_f":	"Final mass[kg] 乾燥質量",
	"Iyz_i":	"Initial inertia moment of rolling[kg*m^2]　ピッチ/ヨー",
	"Iyz_f":	"Final inertia moment of rolling[kg*m^2] ピッチ/ヨー",
	"CPlen":	"CP place from nose[m] 圧力中心",
	"Cd":		"Drag coefficient 抗力係数",
	"Cna":		"Normal force coefficient 法線力整数",
	"Cmq":		"Pitch damping moment coefficient ピッチ減衰モーメント係数",
	"vel_1st":	"Terminal velocity of 1st parachute",
	"op_type_1st":	"0:detect-peak, 1:fixed-time 2:time-from-deteck-peak",
	"op_time_1st": "open time",
	"delay_time_1st": "パラシュートが開くのにかかる時間",
	"vel_2nd":	"Terminal velocity of 1st parachute",
	"op_type_2nd":	"0:following, 1:fixed-time",
	"op_time_2nd": "open time",
	"op_height_2nd": "パラシュートが開く高さ",
	"vel_3rd":	"Terminal velocity of 1st parachute",
	"op_type_3rd":	"0:following, 1:fixed-time",
	"op_height_3rd": "パラシュートが開く高さ",
	"op_time_3rd": "open time",
	"op_time_4th": "open time",
	"op_height_4th": "パラシュートが開く高さ"
	},

"motor":{
	"motor_file":	"Hypertek_J250.txt",
	"motor_2nd": "",
	"iject_time_2nd": "",
	"iject_heught_2nd": ""
	}
}
